{
    "continents":{
        "0": [18171.9707031, -22569.2109375, 11176.34375, -15973.34375],
        "1": [17066.5996094, -19733.2109375, 12799.9003906, -11733.2998047]
    },
    "offset": {
        "0": [-2400, 2400],
        "1": [10133.333, 17600]
    },
    "worldMapArea": [
        [680,389,2437,"Ragefire",0.0,0.0,0.0,0.0,-1,0,0],
        [686,209,1176,"ZulFarrak",1624.99987793,241.666656494,2052.08325195,1129.16662598,-1,0,161],
        [687,109,1477,"TheTempleOfAtalHakkar",0.0,0.0,0.0,0.0,-1,0,0],
        [688,48,719,"BlackfathomDeeps",0.0,0.0,0.0,0.0,-1,0,0],
        [690,34,717,"TheStockade",0.0,0.0,0.0,0.0,-1,0,0],
        [691,90,721,"Gnomeregan",0.0,0.0,0.0,0.0,-1,0,0],
        [692,70,1337,"Uldaman",0.0,0.0,0.0,0.0,-1,0,0],
        [696,409,2717,"MoltenCore",0.0,0.0,0.0,0.0,-1,0,0],
        [697,309,1977,"ZulGurub",-612.5,-2733.33325195,-11225.0,-12639.5830078,-1,0,0],
        [699,429,2557,"DireMaul",0.0,0.0,0.0,0.0,-1,0,0],
        [704,230,1584,"BlackrockDepths",0.0,0.0,0.0,0.0,-1,0,0],
        [710,540,3714,"TheShatteredHalls",0.0,0.0,0.0,0.0,-1,0,0],
        [717,509,3429,"RuinsofAhnQiraj",3035.41650391,522.916625977,-8233.33300781,-9908.33300781,-1,0,261],
        [718,249,2159,"OnyxiasLair",0.0,0.0,0.0,0.0,-1,0,0],
        [721,229,1583,"BlackrockSpire",0.0,0.0,0.0,0.0,-1,0,0],
        [722,558,3790,"AuchenaiCrypts",0.0,0.0,0.0,0.0,-1,0,0],
        [723,556,3791,"SethekkHalls",0.0,0.0,0.0,0.0,-1,0,0],
        [724,555,3789,"ShadowLabyrinth",0.0,0.0,0.0,0.0,-1,0,0],
        [725,542,3713,"TheBloodFurnace",0.0,0.0,0.0,0.0,-1,0,0],
        [726,546,3716,"TheUnderbog",0.0,0.0,0.0,0.0,-1,0,0],
        [727,545,3715,"TheSteamvault",0.0,0.0,0.0,0.0,-1,0,0],
        [728,547,3717,"TheSlavePens",0.0,0.0,0.0,0.0,-1,0,0],
        [729,553,3847,"TheBotanica",0.0,0.0,0.0,0.0,-1,0,0],
        [730,554,3849,"TheMechanar",0.0,0.0,0.0,0.0,-1,0,0],
        [731,552,3848,"TheArcatraz",0.0,0.0,0.0,0.0,-1,0,0],
        [732,557,3792,"ManaTombs",0.0,0.0,0.0,0.0,-1,0,0],
        [733,269,2366,"CoTTheBlackMorass",7649.99951172,6562.49951172,-1500.0,-2225.0,-1,0,0],
        [734,560,2367,"CoTHillsbradFoothills",1854.16662598,-477.083312988,3127.08325195,1572.91662598,-1,0,0],
        [749,43,718,"WailingCaverns",0.0,0.0,0.0,0.0,-1,0,0],
        [750,349,2100,"Maraudon",0.0,0.0,0.0,0.0,-1,0,0],
        [755,469,2677,"BlackwingLair",633.333312988,-2766.66650391,-6333.33300781,-8600.0,-1,0,0],
        [756,36,1581,"TheDeadmines",1966.66662598,-3033.33325195,1133.33325195,-2200.0,-1,0,0],
        [760,129,722,"RazorfenDowns",2766.66650391,-633.333312988,3266.66650391,999.999938965,-1,0,0],
        [761,47,491,"RazorfenKraul",2766.66650391,966.666625977,2733.33325195,1533.33325195,-1,0,0],
        [762,189,796,"ScarletMonastery",3033.33325195,-1966.66662598,2733.33325195,-600.0,-1,0,0],
        [763,289,2057,"Scholomance",633.333312988,-1166.66662598,600.0,-600.0,-1,0,0],
        [764,33,209,"ShadowfangKeep",4500.0,300.0,1133.33325195,-1666.66662598,-1,0,0],
        [765,329,2017,"Stratholme",-1766.66662598,-5166.66650391,4333.33300781,2066.66650391,-1,0,0],
        [766,531,3428,"AhnQiraj",3033.33325195,1233.33325195,-7933.33300781,-9133.33300781,-1,2,0],
        [775,534,3606,"CoTMountHyjal",-1525.0,-4024.99975586,6145.83300781,4479.16650391,-1,0,0],
        [776,565,3923,"GruulsLair",0.0,0.0,0.0,0.0,-1,0,0],
        [779,544,3836,"MagtheridonsLair",0.0,0.0,0.0,0.0,-1,0,0],
        [780,548,3607,"CoilfangReservoir",0.0,0.0,0.0,0.0,-1,0,0],
        [781,568,3805,"ZulAman",1852.08325195,583.333312988,568.75,-277.083312988,-1,0,463],
        [782,550,3845,"TempestKeep",0.0,0.0,0.0,0.0,-1,0,0],
        [789,580,4075,"SunwellPlateau",1206.25,300.0,2012.49987793,1408.33325195,-1,-1,0],
        [796,564,3959,"BlackTemple",1150.0,366.666656494,949.999938965,427.083312988,-1,-1,0],
        [797,543,3562,"HellfireRamparts",1935.41662598,1277.08325195,-1041.66662598,-1479.16662598,-1,0,465],
        [798,585,4131,"MagistersTerrace",249.999984741,-297.916656494,325.0,-39.5833320618,-1,0,499],
        [799,532,3457,"Karazhan",-1191.66662598,-2950.0,-10389.5830078,-11562.5,-1,0,0],
        [606,1,616,"Hyjal",-1138.97802734,-4334.86914063,6085.89648437,3956.82299805,-1,0,0],
        [607,1,876,"GMIsland",16748.0,15920.0,16525.0,15984.0,-1,0,0],
        [864,0,6170,"Northshire",187.5,-781.25,-8570.83203125,-9216.66601563,-1,0,30],
        [866,0,6176,"ColdridgeValley",979.166992188,14.583984375,-5962.5,-6606.25,-1,0,27],
        [888,1,6450,"ShadowglenStart",1491.66699219,41.666015625,11033.3330078,10066.6660156,-1,0,41],
        [889,1,6451,"ValleyofTrialsStart",-3641.66601563,-4991.66601563,0.0,-900.0,-1,0,4],
        [890,1,6452,"CampNaracheStart",233.333984375,-1533.33398438,-2577.08398438,-3754.16601563,-1,0,9],
        [892,0,6454,"DeathknellStart",2147.91699219,1058.33300781,2270.83300781,1543.75,-1,0,20],
        [893,530,6455,"SunstriderIsleStart",-5383.33398438,-6983.33398438,10833.3330078,9766.66601563,0,0,0],
        [894,530,6456,"AmmenValeStart",-12814.5820313,-14633.3320313,-3604.16601562,-4816.66601563,1,0,0],
        [922,369,2257,"DeeprunTram",0.0,0.0,0.0,0.0,-1,741,0],
        [1001,0,6001,"Fargodeepmine1_",281.75,41.75,-9700.0,-9860.0,-1,0,30],
        [1002,0,6002,"Fargodeepmine2_",289.25,34.25,-9710.0,-9880.0,-1,0,30],
        [1003,0,6003,"EchoRidgeMine3_",-27.0,-306.0,-8500.0,-8686.0,-1,0,30],
        [1004,0,6004,"GoldCoastQuarry4_",2096.25,1833.75,-10430.0,-10605.0,-1,0,39],
        [1005,0,6005,"JangolodeMine5_",1570.5,1293.5,-9798.66699219,-9983.33300781,-1,0,39],
        [1006,0,6006,"ColdridgePass6_",245.0,-85.0,-6020.0,-6240.0,-1,0,27],
        [1007,0,6007,"TheGrizzledDen7_",32.75,-472.75,-5313.0,-5650.0,-1,0,27],
        [1008,0,6008,"FrostmaneHold8_",848.06036377,506.177185059,-5484.78613281,-5719.17724609,-1,0,27],
        [1009,0,6009,"FrostmaneHovel9_",508.245117187,241.754882813,-6445.66992188,-6623.33007813,-1,0,866],
        [1010,0,6010,"GnomereganEntrance10_",1082.92883301,352.441375732,-4762.88623047,-5230.11816406,-1,0,27],
        [1011,0,6011,"GolBolarQuarry11_",-1542.99511719,-1917.00488281,-5486.83007812,-5736.16992188,-1,0,27],
        [1012,0,6012,"NightWebsHollow12_",2020.0,1800.0,2123.33349609,1976.66674805,-1,0,20],
        [1013,0,6013,"ScarletMonasteryEntrance13_",-660.004882813,-864.995117188,2948.83007813,2812.16992187,-1,0,0],
        [1014,0,6014,"BlackrockMountain14_",-761.25,-1473.75,-7325.0,-7800.0,-1,0,29],
        [1015,0,6015,"BlackrockMountain15_",-1145.0,-1400.0,-7480.0,-7650.0,-1,0,29],
        [1016,0,6016,"BlackrockMountain16_",-627.486022949,-1387.51000977,-7086.65869141,-7593.34130859,-1,0,29],
        [1017,0,6017,"DeadminesWestfall17_",1792.5,1342.5,-11055.0,-11355.0,-1,0,0],
        [1018,0,6018,"Uldaman18_",-2748.75,-3311.25,-5955.0,-6330.0,-1,0,17],
        [1019,0,6019,"JasperlodeMine19_",-445.875,-769.125,-8985.0,-9200.5,-1,0,30],
        [1020,1,6020,"Ogrimmar1_",-4163.97021484,-4526.06005859,1932.27001953,1690.88000488,-1,0,321],
        [1021,1,6021,"ShadowthreadCave2_",1140.0,660.0,11035.0,10715.0,-1,0,41],
        [1022,1,6022,"FelRock3_",1249.80029297,970.199707031,10211.7001953,10025.2998047,-1,0,41],
        [1023,1,6023,"BanethilBarrowden4_",1685.00488281,1454.99511719,9881.66992188,9728.33007813,-1,0,41],
        [1024,1,6024,"BanethilBarrowden5_",1735.00488281,1354.99511719,9931.66992188,9678.33007813,-1,0,41],
        [1025,1,6025,"PalemaneRock6_",580.005004883,229.994995117,-2263.33007813,-2496.66992188,-1,0,9],
        [1026,1,6026,"TheVentureCoMine7_",-818.0,-1559.0,-1436.0,-1930.0,-1,0,9],
        [1027,1,6027,"BurningBladeCoven8_",-4166.5,-4432.5,5.50033283234,-171.833007813,-1,0,4],
        [1028,1,6028,"TiragardeKeep10_",-5052.49951172,-5177.50048828,-203.332992554,-286.666992188,-1,0,4],
        [1029,1,6029,"TiragardeKeep11_",-5052.49951172,-5177.50048828,-203.332992554,-286.666992188,-1,0,4],
        [1030,1,6030,"SkullRock12_",-4629.0,-4899.0,1580.5,1400.5,-1,0,4],
